ICR90 x B2,ICR90 x B2,ICR90 x B2,ICR90 x B2,ICR90 x B2,ICR90 x B2,ICR90 x B2,ICR90 x B2
ICR90 x B2,ICR90 x B2,ICR90 x B2,ICR90 x B2,ICR90 x B2,ICR90 x B2,ICR90 x B2,ICR90 x B2
ICR90 x B6,ICR90 x B6,ICR90 x B6,ICR90 x B6,ICR90 x B6,ICR90 x B6,ICR90 x B6,ICR90 x B6
ICR90 x B6,ICR90 x B6,ICR90 x B6,ICR90 x B6,ICR90 x B6,ICR90 x B6,ICR90 x B6,ICR90 x B6
ICR90 x B7,ICR90 x B7,ICR90 x B7,ICR90 x B7,ICR90 x B7,ICR90 x B7,ICR90 x B7,ICR90 x B7
ICR90 x B7,ICR90 x B7,ICR90 x B7,ICR90 x B7,ICR90 x B7,ICR90 x B7,ICR90 x B7,ICR90 x B7
ICR90 x B8,ICR90 x B8,ICR90 x B8,ICR90 x B8,ICR90 x B8,ICR90 x B8,ICR90 x B8,ICR90 x B8
ICR90 x B8,ICR90 x B8,ICR90 x B8,ICR90 x B8,ICR90 x B8,ICR90 x B8,ICR90 x B8,ICR90 x B8
ICR90 x B9,ICR90 x B9,ICR90 x B9,ICR90 x B9,ICR90 x B9,ICR90 x B9,ICR90 x B9,ICR90 x B9
ICR90 x B9,ICR90 x B9,ICR90 x B9,ICR90 x B9,ICR90 x B9,ICR90 x B9,ICR90 x B9,ICR90 x B9
ICR90 x Y1,ICR90 x Y1,ICR90 x Y1,ICR90 x Y1,ICR90 x Y1,ICR90 x Y1,ICR90 x Y1,ICR90 x Y1
ICR90 x Y1,ICR90 x Y1,ICR90 x Y1,ICR90 x Y1,ICR90 x Y1,ICR90 x Y1,ICR90 x Y1,ICR90 x Y1
ICR90 x Y2,ICR90 x Y2,ICR90 x Y2,ICR90 x Y2,ICR90 x Y2,ICR90 x Y2,ICR90 x Y2,ICR90 x Y2
ICR90 x Y2,ICR90 x Y2,ICR90 x Y2,ICR90 x Y2,ICR90 x Y2,ICR90 x Y2,ICR90 x Y2,ICR90 x Y2
ICR90 x Y3,ICR90 x Y3,ICR90 x Y3,ICR90 x Y3,ICR90 x Y3,ICR90 x Y3,ICR90 x Y3,ICR90 x Y3
ICR90 x Y3,ICR90 x Y3,ICR90 x Y3,ICR90 x Y3,ICR90 x Y3,ICR90 x Y3,ICR90 x Y3,ICR90 x Y3
ICR90 x Y4,ICR90 x Y4,ICR90 x Y4,ICR90 x Y4,ICR90 x Y4,ICR90 x Y4,ICR90 x Y4,ICR90 x Y4
ICR90 x Y4,ICR90 x Y4,ICR90 x Y4,ICR90 x Y4,ICR90 x Y4,ICR90 x Y4,ICR90 x Y4,ICR90 x Y4
ICR90 x BYG,ICR90 x BYG,ICR90 x BYG,ICR90 x BYG,ICR90 x BYG,ICR90 x BYG,ICR90 x BYG,ICR90 x BYG
ICR90 x BYG,ICR90 x BYG,ICR90 x BYG,ICR90 x BYG,ICR90 x BYG,ICR90 x BYG,ICR90 x BYG,ICR90 x BYG
B2 x B6,B2 x B6,B2 x B6,B2 x B6,B2 x B6,B2 x B6,B2 x B6,B2 x B6
B2 x B6,B2 x B6,B2 x B6,B2 x B6,B2 x B6,B2 x B6,B2 x B6,B2 x B6
B2 x B7,B2 x B7,B2 x B7,B2 x B7,B2 x B7,B2 x B7,B2 x B7,B2 x B7
B2 x B7,B2 x B7,B2 x B7,B2 x B7,B2 x B7,B2 x B7,B2 x B7,B2 x B7
B2 x B8,B2 x B8,B2 x B8,B2 x B8,B2 x B8,B2 x B8,B2 x B8,B2 x B8
B2 x B8,B2 x B8,B2 x B8,B2 x B8,B2 x B8,B2 x B8,B2 x B8,B2 x B8
B2 x B9,B2 x B9,B2 x B9,B2 x B9,B2 x B9,B2 x B9,B2 x B9,B2 x B9
B2 x B9,B2 x B9,B2 x B9,B2 x B9,B2 x B9,B2 x B9,B2 x B9,B2 x B9
B2 x Y1,B2 x Y1,B2 x Y1,B2 x Y1,B2 x Y1,B2 x Y1,B2 x Y1,B2 x Y1
B2 x Y1,B2 x Y1,B2 x Y1,B2 x Y1,B2 x Y1,B2 x Y1,B2 x Y1,B2 x Y1
B2 x Y2,B2 x Y2,B2 x Y2,B2 x Y2,B2 x Y2,B2 x Y2,B2 x Y2,B2 x Y2
B2 x Y2,B2 x Y2,B2 x Y2,B2 x Y2,B2 x Y2,B2 x Y2,B2 x Y2,B2 x Y2
B2 x Y3,B2 x Y3,B2 x Y3,B2 x Y3,B2 x Y3,B2 x Y3,B2 x Y3,B2 x Y3
B2 x Y3,B2 x Y3,B2 x Y3,B2 x Y3,B2 x Y3,B2 x Y3,B2 x Y3,B2 x Y3
B2 x Y4,B2 x Y4,B2 x Y4,B2 x Y4,B2 x Y4,B2 x Y4,B2 x Y4,B2 x Y4
B2 x Y4,B2 x Y4,B2 x Y4,B2 x Y4,B2 x Y4,B2 x Y4,B2 x Y4,B2 x Y4
B2 x BYG,B2 x BYG,B2 x BYG,B2 x BYG,B2 x BYG,B2 x BYG,B2 x BYG,B2 x BYG
B2 x BYG,B2 x BYG,B2 x BYG,B2 x BYG,B2 x BYG,B2 x BYG,B2 x BYG,B2 x BYG
B6 x B7,B6 x B7,B6 x B7,B6 x B7,B6 x B7,B6 x B7,B6 x B7,B6 x B7
B6 x B7,B6 x B7,B6 x B7,B6 x B7,B6 x B7,B6 x B7,B6 x B7,B6 x B7
B6 x B8,B6 x B8,B6 x B8,B6 x B8,B6 x B8,B6 x B8,B6 x B8,B6 x B8
B6 x B8,B6 x B8,B6 x B8,B6 x B8,B6 x B8,B6 x B8,B6 x B8,B6 x B8
B6 x B9,B6 x B9,B6 x B9,B6 x B9,B6 x B9,B6 x B9,B6 x B9,B6 x B9
B6 x B9,B6 x B9,B6 x B9,B6 x B9,B6 x B9,B6 x B9,B6 x B9,B6 x B9
B6 x Y1,B6 x Y1,B6 x Y1,B6 x Y1,B6 x Y1,B6 x Y1,B6 x Y1,B6 x Y1
B6 x Y1,B6 x Y1,B6 x Y1,B6 x Y1,B6 x Y1,B6 x Y1,B6 x Y1,B6 x Y1
B6 x Y2,B6 x Y2,B6 x Y2,B6 x Y2,B6 x Y2,B6 x Y2,B6 x Y2,B6 x Y2
B6 x Y2,B6 x Y2,B6 x Y2,B6 x Y2,B6 x Y2,B6 x Y2,B6 x Y2,B6 x Y2
B6 x Y3,B6 x Y3,B6 x Y3,B6 x Y3,B6 x Y3,B6 x Y3,B6 x Y3,B6 x Y3
B6 x Y3,B6 x Y3,B6 x Y3,B6 x Y3,B6 x Y3,B6 x Y3,B6 x Y3,B6 x Y3
B6 x Y4,B6 x Y4,B6 x Y4,B6 x Y4,B6 x Y4,B6 x Y4,B6 x Y4,B6 x Y4
B6 x Y4,B6 x Y4,B6 x Y4,B6 x Y4,B6 x Y4,B6 x Y4,B6 x Y4,B6 x Y4
B6 x BYG,B6 x BYG,B6 x BYG,B6 x BYG,B6 x BYG,B6 x BYG,B6 x BYG,B6 x BYG
B6 x BYG,B6 x BYG,B6 x BYG,B6 x BYG,B6 x BYG,B6 x BYG,B6 x BYG,B6 x BYG
B7 x B8,B7 x B8,B7 x B8,B7 x B8,B7 x B8,B7 x B8,B7 x B8,B7 x B8
B7 x B8,B7 x B8,B7 x B8,B7 x B8,B7 x B8,B7 x B8,B7 x B8,B7 x B8
B7 x B9,B7 x B9,B7 x B9,B7 x B9,B7 x B9,B7 x B9,B7 x B9,B7 x B9
B7 x B9,B7 x B9,B7 x B9,B7 x B9,B7 x B9,B7 x B9,B7 x B9,B7 x B9
B7 x Y1,B7 x Y1,B7 x Y1,B7 x Y1,B7 x Y1,B7 x Y1,B7 x Y1,B7 x Y1
B7 x Y1,B7 x Y1,B7 x Y1,B7 x Y1,B7 x Y1,B7 x Y1,B7 x Y1,B7 x Y1
B7 x Y2,B7 x Y2,B7 x Y2,B7 x Y2,B7 x Y2,B7 x Y2,B7 x Y2,B7 x Y2
B7 x Y2,B7 x Y2,B7 x Y2,B7 x Y2,B7 x Y2,B7 x Y2,B7 x Y2,B7 x Y2
B7 x Y3,B7 x Y3,B7 x Y3,B7 x Y3,B7 x Y3,B7 x Y3,B7 x Y3,B7 x Y3
B7 x Y3,B7 x Y3,B7 x Y3,B7 x Y3,B7 x Y3,B7 x Y3,B7 x Y3,B7 x Y3
B7 x Y4,B7 x Y4,B7 x Y4,B7 x Y4,B7 x Y4,B7 x Y4,B7 x Y4,B7 x Y4
B7 x Y4,B7 x Y4,B7 x Y4,B7 x Y4,B7 x Y4,B7 x Y4,B7 x Y4,B7 x Y4
B7 x BYG,B7 x BYG,B7 x BYG,B7 x BYG,B7 x BYG,B7 x BYG,B7 x BYG,B7 x BYG
B7 x BYG,B7 x BYG,B7 x BYG,B7 x BYG,B7 x BYG,B7 x BYG,B7 x BYG,B7 x BYG
B8 x B9,B8 x B9,B8 x B9,B8 x B9,B8 x B9,B8 x B9,B8 x B9,B8 x B9
B8 x B9,B8 x B9,B8 x B9,B8 x B9,B8 x B9,B8 x B9,B8 x B9,B8 x B9
B8 x Y1,B8 x Y1,B8 x Y1,B8 x Y1,B8 x Y1,B8 x Y1,B8 x Y1,B8 x Y1
B8 x Y1,B8 x Y1,B8 x Y1,B8 x Y1,B8 x Y1,B8 x Y1,B8 x Y1,B8 x Y1
B8 x Y2,B8 x Y2,B8 x Y2,B8 x Y2,B8 x Y2,B8 x Y2,B8 x Y2,B8 x Y2
B8 x Y2,B8 x Y2,B8 x Y2,B8 x Y2,B8 x Y2,B8 x Y2,B8 x Y2,B8 x Y2
B8 x Y3,B8 x Y3,B8 x Y3,B8 x Y3,B8 x Y3,B8 x Y3,B8 x Y3,B8 x Y3
B8 x Y3,B8 x Y3,B8 x Y3,B8 x Y3,B8 x Y3,B8 x Y3,B8 x Y3,B8 x Y3
B8 x Y4,B8 x Y4,B8 x Y4,B8 x Y4,B8 x Y4,B8 x Y4,B8 x Y4,B8 x Y4
B8 x Y4,B8 x Y4,B8 x Y4,B8 x Y4,B8 x Y4,B8 x Y4,B8 x Y4,B8 x Y4
B8 x BYG,B8 x BYG,B8 x BYG,B8 x BYG,B8 x BYG,B8 x BYG,B8 x BYG,B8 x BYG
B8 x BYG,B8 x BYG,B8 x BYG,B8 x BYG,B8 x BYG,B8 x BYG,B8 x BYG,B8 x BYG
B9 x Y1,B9 x Y1,B9 x Y1,B9 x Y1,B9 x Y1,B9 x Y1,B9 x Y1,B9 x Y1
B9 x Y1,B9 x Y1,B9 x Y1,B9 x Y1,B9 x Y1,B9 x Y1,B9 x Y1,B9 x Y1
B9 x Y2,B9 x Y2,B9 x Y2,B9 x Y2,B9 x Y2,B9 x Y2,B9 x Y2,B9 x Y2
B9 x Y2,B9 x Y2,B9 x Y2,B9 x Y2,B9 x Y2,B9 x Y2,B9 x Y2,B9 x Y2
B9 x Y3,B9 x Y3,B9 x Y3,B9 x Y3,B9 x Y3,B9 x Y3,B9 x Y3,B9 x Y3
B9 x Y3,B9 x Y3,B9 x Y3,B9 x Y3,B9 x Y3,B9 x Y3,B9 x Y3,B9 x Y3
B9 x Y4,B9 x Y4,B9 x Y4,B9 x Y4,B9 x Y4,B9 x Y4,B9 x Y4,B9 x Y4
B9 x Y4,B9 x Y4,B9 x Y4,B9 x Y4,B9 x Y4,B9 x Y4,B9 x Y4,B9 x Y4
B9 x BYG,B9 x BYG,B9 x BYG,B9 x BYG,B9 x BYG,B9 x BYG,B9 x BYG,B9 x BYG
B9 x BYG,B9 x BYG,B9 x BYG,B9 x BYG,B9 x BYG,B9 x BYG,B9 x BYG,B9 x BYG
Y1 x Y2,Y1 x Y2,Y1 x Y2,Y1 x Y2,Y1 x Y2,Y1 x Y2,Y1 x Y2,Y1 x Y2
Y1 x Y2,Y1 x Y2,Y1 x Y2,Y1 x Y2,Y1 x Y2,Y1 x Y2,Y1 x Y2,Y1 x Y2
Y1 x Y3,Y1 x Y3,Y1 x Y3,Y1 x Y3,Y1 x Y3,Y1 x Y3,Y1 x Y3,Y1 x Y3
Y1 x Y3,Y1 x Y3,Y1 x Y3,Y1 x Y3,Y1 x Y3,Y1 x Y3,Y1 x Y3,Y1 x Y3
Y1 x Y4,Y1 x Y4,Y1 x Y4,Y1 x Y4,Y1 x Y4,Y1 x Y4,Y1 x Y4,Y1 x Y4
Y1 x Y4,Y1 x Y4,Y1 x Y4,Y1 x Y4,Y1 x Y4,Y1 x Y4,Y1 x Y4,Y1 x Y4
Y1 x BYG,Y1 x BYG,Y1 x BYG,Y1 x BYG,Y1 x BYG,Y1 x BYG,Y1 x BYG,Y1 x BYG
Y1 x BYG,Y1 x BYG,Y1 x BYG,Y1 x BYG,Y1 x BYG,Y1 x BYG,Y1 x BYG,Y1 x BYG
Y2 x Y3,Y2 x Y3,Y2 x Y3,Y2 x Y3,Y2 x Y3,Y2 x Y3,Y2 x Y3,Y2 x Y3
Y2 x Y3,Y2 x Y3,Y2 x Y3,Y2 x Y3,Y2 x Y3,Y2 x Y3,Y2 x Y3,Y2 x Y3
Y2 x Y4,Y2 x Y4,Y2 x Y4,Y2 x Y4,Y2 x Y4,Y2 x Y4,Y2 x Y4,Y2 x Y4
Y2 x Y4,Y2 x Y4,Y2 x Y4,Y2 x Y4,Y2 x Y4,Y2 x Y4,Y2 x Y4,Y2 x Y4
Y2 x BYG,Y2 x BYG,Y2 x BYG,Y2 x BYG,Y2 x BYG,Y2 x BYG,Y2 x BYG,Y2 x BYG
Y2 x BYG,Y2 x BYG,Y2 x BYG,Y2 x BYG,Y2 x BYG,Y2 x BYG,Y2 x BYG,Y2 x BYG
Y3 x Y4,Y3 x Y4,Y3 x Y4,Y3 x Y4,Y3 x Y4,Y3 x Y4,Y3 x Y4,Y3 x Y4
Y3 x Y4,Y3 x Y4,Y3 x Y4,Y3 x Y4,Y3 x Y4,Y3 x Y4,Y3 x Y4,Y3 x Y4
Y3 x BYG,Y3 x BYG,Y3 x BYG,Y3 x BYG,Y3 x BYG,Y3 x BYG,Y3 x BYG,Y3 x BYG
Y3 x BYG,Y3 x BYG,Y3 x BYG,Y3 x BYG,Y3 x BYG,Y3 x BYG,Y3 x BYG,Y3 x BYG
Y4 x BYG,Y4 x BYG,Y4 x BYG,Y4 x BYG,Y4 x BYG,Y4 x BYG,Y4 x BYG,Y4 x BYG
Y4 x BYG,Y4 x BYG,Y4 x BYG,Y4 x BYG,Y4 x BYG,Y4 x BYG,Y4 x BYG,Y4 x BYG
